MAGIC ITEM INDEXSearch	Item Name	Type	Rarity	Sub Requires Attunement?	Page
A*A*	Arista, Wand of the Spire 	Wand	 Artifact	 M	 Yes, by a spellcaster	196
R*R*	Armor of Icarus 	Armor (breastplate)	 Rare	 M	 Yes	39
UU	Arrow of Anchoring 	Weapon (arrow or bolt)	 Uncommon	 m	 —	39
RR	Astral Caltrops 	Wondrous item	 Rare	 m	 —	39
UU	Astronomer's Boon 	Wondrous item	 Uncommon	 M	 —	40
CC	Aurora Dust 	Wondrous item	 Common	 m	 —	40
UU	Badge of the Savant 	Wondrous item	 Uncommon	 m	 —	40
RR	Badge of the Wayfarer 	Wondrous item	 Rare	 M	 —	40
CC	Bag of Bellstones 	Wondrous item	 Common	 m	 —	41
CC	Ball of Wild Earth 	Wondrous item	 Common	 m	 —	41
U*U*	Ballista Prosthesis 	Weapon (crossbow, hand)	 Uncommon	 M	Yes, by a creature missing an arm, forearm, or hand    41
R*R*	Bandolier of the Elements 	Wondrous item	 Rare	 M	 Yes	42
U*U*	Bane Shield 	Armor (shield)	 Uncommon	 M	 Yes	42
RR	Bartender's Armistice 	Wondrous item	 Rare	 m	 —	42
U*U*	Battlechef Field Dresser 	Weapon (dagger)	 Uncommon	 M	 Yes	43
R*R*	Beads of Meditation 	Wondrous item	 Rare	 M	 Yes	43
U*U*	Beard Cannon 	Wondrous item	 Uncommon	 M	 Yes	43
CC	Bell of Alarm 	Wondrous item	 Common	 m	 —	44
UU	Bellhop Topper 	Wondrous item	 Uncommon	 m	 —	44
R*R*	Belt of the Hell Hound 	Wondrous item	 Rare	 M	 Yes	44
CC	Bird's-Eye Bolt 	Weapon (arrow or bolt)	 Common	 m	 —	44
R*R*	Blackthorn Spear of the Moonless Hunter	Weapon (spear)	 Rare	 M	 Yes	45
V*V*	Blood Moon Blade 	Weapon (longsword)	 Very rare	 M	 Yes	45
UU	Bloodhound Amulet 	Wondrous item	 Uncommon	 m	 —	45
UU	Bloodmire Phiale 	Wondrous item	 Uncommon	 m	 —	47
R*R*	Bloodmire Rod of the Witch Doctor	Rod	 Rare	 M	Yes, by a cleric, druid, paladin, or warlock    47
L*L*	Bloodmire Soulflame Lantern	Wondrous item	 Legendary	 M	 Yes	47
R*R*	Bloodshard Trident 	Weapon (trident)	 Rare	 M	 Yes	48
V*V*	Bloodthirster Scimitar 	Weapon (scimitar)	 Very rare	 M	 Yes	48
UU	Bloodthirsty Bistoury 	Weapon (dagger)	 Uncommon	 M	 —	48
CC	Bloody Marilith 	Potion	 Common	 m	 —	48
VV	Bloody Marilith 	Potion	 Very rare	 m	 —	48
CC	Bonfire Charm 	Wondrous item	 Common	 m	 —	49
UU	Book of Clothier's Croquis 	Wondrous item	 Uncommon	 m	 —	49
CC	Book of Instant Copying 	Wondrous item	 Common	 m	 —	49
RR	Bounder's Ball 	Wondrous item	 Rare	 m	 —	50
R*R*	Bow of the Cobra 	Weapon (any bow)	 Rare	 M	 Yes	50
R*R*	Bow of the Eldritch Archer 	Weapon (shortbow)	 Rare	 M	 Yes	50
V*V*	Bow of the Spelldrinker 	Weapon (any bow)	 Very rare	 M	 Yes	50
R*R*	Bow of the Twilight Valkyrie	Weapon (any bow)	 Rare	 M	 Yes	50
R*R*	Bracers of the Iron Octopus 	Wondrous item	 Rare	 M	 Yes	52
U*U*	Bramble Buckler 	Armor (shield)	 Uncommon	 M	 Yes, by a druid or ranger	52
UU	Brawler's Ring 	Ring	 Uncommon	 m	 —	52
UU	Brutal Macuahuitl 	Weapon (longsword)	 Uncommon	 M	 —	52
U*U*	Bulette Bulwark 	Armor (shield)	 Uncommon	 M	 Yes	53
V*V*	Bulette Torpedo 	Weapon (javelin)	 Very rare	 M	 Yes	53
CC	Bullfrog Totem 	Wondrous item	 Common	 m	 —	53
UU	Burrage’s Collegiate Case 	Wondrous item	 Uncommon	 m	 —	54
R*R*	Caduceus Flail 	Weapon (flail)	 Rare	 M	 Yes, by a cleric or paladin	54
V*V*	Camilla's Quicksilver Mirror 	Wondrous item	 Very rare	 M	 Yes	54
CC	Camper's Crutch 	Weapon (mace)	 Common	 m	 —	55
UU	Camper's Respite 	Rod	 Uncommon	 m	 —	55
U*U*	Candleflame Bow	Weapon (any bow or crossbow)	Uncommon	 M	 Yes	56
CC	Candleflame Helm 	Wondrous item	 Common	 m	 —	56
CC	Candy Xorn 	Wondrous item	 Common	 m	 —	56
UU	Canister of Vreyval's Soothing Tea	Wondrous item	 Uncommon	 m	 —	56
R*R*	Captain's Pride	Armor (leather or studded leather)	Rare	 M	 Yes	57
V*V*	Carrion Shroud 	Wondrous item	 Very rare	 M	 Yes	57
CC	Celestial Sunrise 	Potion	 Common	 m	 —	57
UU	Celestial Sunrise 	Potion	 Uncommon	 m	 —	57
R*R*	Chain Devil Gloves 	Wondrous item	 Rare	 M	 Yes	58
RR	Champion's Greatbow 	Weapon (longbow)	 Rare	 M	 —	58
V*V*	Charged Rapier 	Weapon (rapier)	 Very rare	 M	 Yes	58
RR	Chi-Balancing Tea 	Potion	 Rare	 m	 —	58
RR	Chimeric Collar 	Wondrous item	 Rare	 M	 —	59
R*R*	Chromatic Obsidian Greataxe	Weapon (greataxe)	 Rare	 M	 Yes	59
VV	Chronal Sphere 	Wondrous item	 Very rare	 m	 —	60
V*V*	Chronomancer's Eyepiece 	Wondrous item	 Very rare	 M	 Yes	60
V*V*	Circlet of the Sharpened Mind	Wondrous item	 Very rare	 M	Yes, by a creature with an Intelligence of 17 or higher    60
U*U*	Claymore of the Great Badger	Weapon (greatsword)	 Uncommon	 M	 Yes	61
CC	Cleaning Cube 	Wondrous item	 Common	 m	 —	61
VV	Cloche of Surprise Treats 	Wondrous item	 Very rare	 M	 —	62
RR	Clockwork Colony Toolbox 	Wondrous item	 Rare	 M	 —	62
UU	Clockwork Earwig 	Wondrous item	 Uncommon	 M	 —	62
UU	Clockwork Mend-A-Pillar 	Wondrous item	 Uncommon	 m	 —	62
U*U*	Club of Dancing 	Weapon (club)	 Uncommon	 M	 Yes	63
UU	Club of the Forest Drake 	Weapon (club)	 Uncommon	 M	 —	63
UU	Club of the Rook 	Weapon (club)	 Uncommon	 M	 —	63
RR	Coldfire Anvil 	Wondrous item	 Rare	 M	 —	64
R*R*	Comet Ballista 	Weapon (crossbow, heavy)	 Rare	 M	 Yes	64
R*R*	Conspirator's Coat 	Wondrous item	 Rare	 M	 Yes	6411
RR	Contingency Band 	Ring	 Rare	 M	 —	64
RR	Cottage Chest 	Wondrous item	 Rare	 m	 —	65
U*U*	Courtesan's Fanblade 	Weapon (dagger)	 Uncommon	 M	 Yes	65
UU	Covolt Dagger 	Weapon (dagger)	 Uncommon	 M	 —	66
R*R*	Covolt Scythe 	Weapon (glaive)	 Rare	 M	 Yes	66
L*L*	Crown of Storms 	Wondrous item	 Legendary	 M	 Yes	66
R*R*	Crown of the Mindmaster Matriarch	Wondrous item	 Rare	 M	 Yes, by a wizard	66
RR	Cube of Teleportation 	Wondrous item	 Rare	 m	 —	67
U*U*	Cuff of Captions 	Wondrous item	 Uncommon	 m	 Yes	67
UU	Dagger of First Light 	Weapon (dagger)	 Uncommon	 M	 —	68
U*U*	Dark Mantle 	Wondrous item	 Uncommon	 M	 Yes	68
L*L*	Davy Jones's Key 	Weapon (trident)	 Legendary	 M	 Yes	68
RR	Dawn and Dusk 	Weapon (mace or sickle)	 Rare	 M	 —	69
L*L*	Death's Shadow 	Wondrous item	 Legendary	 M	 Yes	69
R*R*	Deathloop Watch 	Wondrous item	 Rare	 m	 Yes	69
V*V*	Deathly Diadem 	Wondrous item	 Very rare	 M	 Yes	70
U*U*	Detective's Notebook 	Wondrous item	 Uncommon	 m	 Yes	70
U*U*	Direstone Dwarven Key 	Weapon (handaxe)	 Uncommon	 M	 Yes, by a dwarf	70
R*R*	Direstone Runic Wand 	Wand	 Rare	 M	 Yes, by a spellcaster	71
R*R*	Diviner's Dice 	Wondrous item	 Rare	 M	 Yes	71
CC	Djinn and Tonic 	Potion	 Common	 m	 —	71
RR	Djinn and Tonic 	Potion	 Rare	 m	 —	71
UU	Dominic’s Field Guide to Language	Wondrous item	 Uncommon	 m	 —	71
RR	Doom Bloom 	Wondrous item	 Rare	 m	 —	72
UU	Doubloon Diver's Goggles 	Wondrous item	 Uncommon	 m	 —	72
V*V*	Dragon Horn Pauldron 	Wondrous item	 Very rare	 M	 Yes	73
VV	Dragon Turtle Barding 	Armor (any heavy barding)	 Very rare	 M	 —	73
RR	Dragonband 	Wondrous item	 Rare	 m	 —	73
RR	Dragonbreath Ammunition 	Weapon (arrow or bolt)	 Rare	 m	 —	74
U*U*	Dramus's Dancing Shoes 	Wondrous item	 Uncommon	 m	 Yes, by a bard	74
R*R*	Dream Saber 	Weapon (scimitar)	 Rare	 M	 Yes	74
R*R*	Dress of Defense 	Wondrous item	 Rare	 M	 Yes	74
CC	Dress of Many Pockets 	Wondrous item	 Common	 m	 —	74
CC	Drowner's Pearl 	Wondrous item	 Common	 m	 —	75
RR	Dune Cowl 	Wondrous item	 Rare	 M	 —	75
RR	Dusk Cleaver 	Weapon (handaxe)	 Rare	 M	 —	75
UU	Dusk Dagger 	Weapon (dagger)	 Uncommon	 M	 —	76
RR	Dusk Dagger 	Weapon (dagger)	 Rare	 M	 —	76
VV	Dusk Dagger 	Weapon (dagger)	 Very rare	 M	 —	76
R*R*	Dwarven Boozehound's Backpack	Wondrous item	 Rare	 M	 Yes	76
UU	Ear Cuff of the Climber 	Wondrous item	 Uncommon	 m	 —	76
U*U*	Eclipse Spear 	Weapon (spear)	 Uncommon	 M	 Yes	76
UU	Egg of Primal Water 	Wondrous item	 Uncommon	 m	 —	76
UU	Ehagan's Moving Ladder 	Wondrous item	 Uncommon	 m	 —	77
R*R*	Elder Sequoia Scale Mail 	Armor (scale mail)	 Rare	 M	 Yes, by a druid	77
R*R*	Eldritch Bident 	Weapon (trident)	 Rare	 M	 Yes	77
V*V*	Enzymatic Gastrostaff 	Staff	 Very rare	 M	 Yes	78
L*L*	Eternal Slayer 	Weapon (any sword)	 Legendary	 M	 Yes	78
R*R*	Everglacier Prosthesis 	Wondrous item	 Rare	 M	Yes, by a creature missing a hand, arm, or leg    78
UU	Evoker's Exchange 	Wondrous item	 Uncommon	 M	 —	78
UU	Eyedrops of Clarity 	Wondrous item	 Uncommon	 m	 —	79
UU	Eyes of the Beheld 	Wondrous item	 Uncommon	 m	 —	79
RR	Faeflame Torch 	Wondrous item	 Rare	 M	 —	79
R*R*	Failed Purity Spear 	Weapon (spear)	 Rare	 M	 Yes	80
LL	Fell-Rider Chariot 	Wondrous item	 Legendary	 M	 —	81
UU	Felling Greataxe 	Weapon (greataxe)	 Uncommon	 M	 —	81
UU	Feywatch Shield 	Armor (shield)	 Uncommon	 M	 —	81
U*U*	Feywood Ivy 	Wondrous item	 Uncommon	 M	Yes, by a druid, ranger, or fey creature    81
U*U*	Fists of the Guiding Star 	Wondrous item	 Uncommon	 M	 Yes, by a monk	81
U*U*	Flamebreather Staff 	Weapon (quarterstaff)	 Uncommon	 M	 Yes	82
U*U*	Flood Pauldron 	Wondrous item	 Uncommon	 M	 Yes	82
R*R*	Focus Breaker 	Weapon (maul)	 Rare	 M	 Yes	82
U*U*	Focus Circlet 	Wondrous item	 Uncommon	 M	 Yes, by a spellcaster	82
VV	Fool's Lamp 	Wondrous item	 Very rare	 M	 —	82
CC	Forecaster's Cloak 	Wondrous item	 Common	 m	 —	84
UU	Forgekeeper's Spark 	Wondrous item	 Uncommon	 m	 —	84
RR	Forgework Dragon Shield 	Armor (shield)	 Rare	 M	 —	84
CC	Fortune's Flower 	Wondrous item	 Common	 m	 —	84
CC	Foxfire Charm 	Wondrous item	 Common	 m	 —	85
CC	Freerunner's Armor 	Armor (light)	 Common	 m	 —	85
V*V*	Frostburn Spear 	Weapon (spear)	 Very rare	 M	 Yes	85
V*V*	Furious Flail 	Weapon (flail)	 Very rare	 M	 Yes, by a barbarian	86
R*R*	Fused Chimeric Hide 	Armor (hide)	 Rare	 M	Yes, by a barbarian or druid    86
VV	Gateway Ring 	Ring	 Very rare	 M	 —	86
U*U*	Gauntlets of Deliverance 	Wondrous item	 Uncommon	 M	 Yes, by a paladin	87
R*R*	Gauntlets of Eldritch Ferocity	Wondrous item	 Rare	 M	 Yes, by a warlock	87
U*U*	Gelatinous Whip 	Weapon (whip)	 Uncommon	 M	 Yes	87
R*R*	Gentleman's Saber	Weapon (longsword or scimitar)	Rare	 M	 Yes	87
R*R*	Gi of Shifting Seasons 	Wondrous item	 Rare	 M	 Yes, by a monk	88
RR	Giantcraft Ambusher 	Weapon (greataxe)	 Rare	 M	 —	88
L*L*	Gladius of the Everfighter 	Weapon (shortsword)	 Legendary	 M	 Yes, by a fighter	88
L*L*	Glaive of the Revenant King 	Weapon (glaive)	 Legendary	 M	 Yes	8913
UU	Glass Carver 	Weapon (dagger)	 Uncommon	 m	 —	89
U*U*	Gloves of Amphibios 	Wondrous item	 Uncommon	 M	 Yes	90
RR	Gloves of Healing 	Wondrous item	 Rare	 M	 —	90
V*V*	Gloves of Mimicry 	Wondrous item	 Very rare	 M	 Yes, by a bard	90
U*U*	Gloves of the Great Badger 	Wondrous item	 Uncommon	 M	 Yes	91
UU	Gnashing Key 	Wondrous item	 Uncommon	 m	 —	91
L*L*	Godsteel Warplate 	Armor (plate)	 Legendary	 M	 Yes	92
L*L*	Godsteel Worldcarver	Weapon (greatsword or longsword)	Legendary	 M	 Yes	92
RR	Golem Sapper 	Wondrous item	 Rare	 M	 —	92
L*L*	Gorget of the Holy Soldier 	Wondrous item	 Legendary	 M	Yes, by a creature of good alignment    92
V*V*	Grasping Staff 	Staff	 Very rare	 M	 Yes, by a warlock or wizard	93
U*U*	Great Owl's Shroud 	Wondrous item	 Uncommon	 M	 Yes	94
V*V*	Green Knight's Vow 	Wondrous item	 Very rare	 M	 Yes	94
CC	Griffon Coinpouch 	Wondrous item	 Common	 m	 —	95
UU	Griffon Component Pack 	Wondrous item	 Uncommon	 m	 —	95
CC	Griffon Key Loop 	Wondrous item	 Common	 m	 —	95
L*L*	Guardian's Reliquary 	Wondrous item	 Legendary	 M	Yes, by a creature missing an arm    96
U*U*	Gusting Blowgun 	Weapon (blowgun)	 Uncommon	 M	 Yes	96
L*L*	H'rethi Soul Scepter 	Rod	 Legendary	 M	 Yes, by a spellcaster	96
U*U*	Hadiya's Handy Quill 	Weapon (dart)	 Uncommon	 m	 Yes	97
L*L*	Half Plate of the Blind Martyr	Armor (half plate)	 Legendary	 M	 Yes, by a cleric	97
RR	Harbinger's Flail 	Weapon (flail)	 Rare	 M	 —	98
UU	Harvest 	Weapon (sickle)	 Uncommon	 M	 —	98
C*C*	Hat of Osnomnosis 	Wondrous item	 Common	 m	 Yes, by a wizard	98
U*U*	Hat of the Sanguine Coven 	Wondrous item	 Uncommon	 M	Yes, by a sorcerer, warlock, or wizard    98
A*A*	Hatred, the Wrathful Edge 	Weapon (greataxe)	 Artifact	 M	Yes, by a creature the axe deems worthy    197
CC	Headband of the Sweatless 	Wondrous item	 Common	 m	 —	98
U*U*	Headdress of the Serpent King	Wondrous item	 Uncommon	 M	 Yes	99
UU	Headhunter's Bullseye Lantern	Wondrous item	 Uncommon	 M	 —	99
L*L*	Heart of Damned Intervention	Wondrous item	 Legendary	 M	 Yes, by a cleric or paladin	99
V*V*	Heartless Cage Pendant 	Wondrous item	 Very rare	 M	 Yes	100
L*L*	Heaven's Edge 	Weapon (dagger)	 Legendary	 M	 Yes	100
L*L*	Heaven's Gavel 	Weapon (maul)	 Legendary	 M	Yes, by a creature of good alignment    101
RR	Heavenly Chalice 	Wondrous item	 Rare	 M	 —	101
R*R*	Heavy Golem Armor 	Armor (plate)	 Rare	 M	 Yes, by a Small humanoid	101
CC	Hedgewitch's Gardening Cane	Staff	 Common	 m	 —	101
U*U*	Hedonic Motivator 	Weapon (whip)	 Uncommon	 M	 Yes	102
V*V*	Helm of the Broken Dragon 	Wondrous item	 Very rare	 M	Yes, by a non-lawful dragonborn    102
V*V*	Helm of the Chromatic Dragon	Wondrous item	 Very rare	 M	Yes, by a dragonborn of evil alignment	102
L*L*	Helm of the Justicars 	Wondrous item	 Legendary	 M	 Yes	102
V*V*	Helm of the Platinum Dragon	Wondrous item	 Very rare	 M	Yes, by a dragonborn of good alignment    103
V*V*	Helm of the Ruby Dragon 	Wondrous item	 Very rare	 M	Yes, by a dragonborn of neutral alignment    103
UU	Hideaway Vase 	Wondrous item	 Uncommon	 m	 —	104
UU	Hoarder's Haul 	Wondrous item	 Uncommon	 M	 —	104
RR	Hoarder's Haul 	Wondrous item	 Rare	 M	 —	104
VV	Hoarder's Haul 	Wondrous item	 Very rare	 M	 —	104
RR	Homeroot 	Wondrous item	 Rare	 m	 —	105
R*R*	Homeward Boots 	Wondrous item	 Rare	 M	 Yes	106
RR	Horatio’s Impossible Ship in a Bottle	Wondrous item	 Rare	 m	 —	106
V*V*	Horn of the Wild Hunt 	Wondrous item	 Very rare	 M	 Yes	106
V*V*	Hour and Minute	Weapon (dagger and shortsword)	Very rare	 M	 Yes	107
VV	Hourglass of Slumber 	Wondrous item	 Very rare	 M	 —	107
U*U*	Hushed Ring 	Ring	 Uncommon	 M	 Yes	108
V*V*	Hydra Charm 	Wondrous item	 Very rare	 M	 Yes	108
RR	Hydra Flail 	Weapon (flail)	 Rare	 M	 —	108
V*V*	Impact Plate 	Armor (plate)	 Very rare	 M	 Yes	108
L*L*	Indigo Stray's Conviction 	Wondrous item	 Legendary	 M	 Yes	108
V*V*	Infernal Chain 	Weapon (flail)	 Very rare	 M	 Yes	109
CC	Inker's Armband 	Wondrous item	 Common	 m	 —	110
RR	Insatiable Tome 	Wondrous item	 Rare	 m	 —	110
CC	Inspector's Silverware 	Wondrous item	 Common	 m	 —	110
V*V*	Instrument of Roses and Thorns	Wondrous item	 Very rare	 M	 Yes, by a bard	111
R*R*	Ironleaf Impaler 	Weapon (javelin or spear)	 Rare	 M	 Yes	111
U*U*	Jo'Catian Denier	Weapon (longsword, scimitar, or shortsword)	Uncommon	 M	Yes, by a creature of alignment    111
U*U*	Jo'Catian Rebuker 	Armor (shield)	 Uncommon	 M	Yes, by a creature of neutral alignment    111
UU	Kestra's Bent Spoon 	Wondrous item	 Uncommon	 M	 —	112
V*V*	Ki Blade 	Weapon (shortsword)	 Very rare	 M	 Yes, by a monk	112
RR	Kinetic Bowstring 	Wondrous item	 Rare	 M	 —	112
V*V*	Kraken Band 	Wondrous item	 Very rare	 M	 Yes	112
VV	Lady Phantasma's Material Anchor	Wondrous item	 Very rare	 m	 —	113
R*R*	Lamian Facestealer 	Weapon (dagger)	 Rare	 M	 Yes	113
R*R*	Lash of the Spelldrinker 	Weapon (whip)	 Rare	 M	 Yes, by a spellcaster	113
CC	Leatherbeard 	Wondrous item	 Common	 m	 —	11415
UU	Life Tether Ankh 	Wondrous item	 Uncommon	 m	 —	114
LL	Life Turner 	Wondrous item	 Legendary	 m	 —	114
R*R*	Life's Flower Restorative 	Wondrous item	 Rare	 M	Yes, by a creature missing a hand, arm, or leg    114
CC	Light Sling 	Weapon (sling)	 Common	 m	 —	115
RR	Lightning Khopesh 	Weapon (scimitar)	 Rare	 M	 —	115
R*R*	Lightscreen Hover Boots 	Wondrous item	 Rare	 M	 Yes	115
L*L*	Lightseer's Gaze 	Wondrous item	 Legendary	 M	 Yes, by a monk	116
U*U*	Locket of the Stolen Heart 	Wondrous item	 Uncommon	 M	 Yes	116
UU	Luckleaf 	Wondrous item	 Uncommon	 m	 —	116
U*U*	Luna Moth Cape 	Wondrous item	 Uncommon	 m	 Yes	117
UU	Lupine Mask 	Wondrous item	 Uncommon	 M	 —	117
R*R*	Mace of the Priest 	Weapon (mace)	 Rare	 M	 Yes, by a cleric	117
UU	Mace of the Pumpkin King 	Weapon (mace)	 Uncommon	 M	 —	117
L*L*	Mage Eater Scythe 	Weapon (glaive)	 Legendary	 M	 Yes	117
VV	Magebane Poison 	Potion	 Very rare	 m	 —	118
U*U*	Magentan Sun-Saw 	Weapon (scimitar)	 Uncommon	 M	 Yes	118
V*V*	Magentan Sun-Saw 	Weapon (scimitar)	 Very rare	 M	 Yes	118
R*R*	Mageplate Ring 	Ring	 Rare	 M	 Yes	118
CC	Magnificent Pocket Vanity 	Wondrous item	 Common	 m	 —	118
U*U*	Mandible Bident 	Weapon (trident)	 Uncommon	 M	 Yes	118
R*R*	Mantle of Security 	Wondrous item	 Rare	 M	 Yes	120
U*U*	Marlin Lunger 	Weapon (rapier)	 Uncommon	 M	 Yes	120
C*C*	Masks of the Sacred Beasts 	Wondrous item	 Common	 M	 Yes	120
U*U*	Masks of the Sacred Beasts 	Wondrous item	 Uncommon	 M	 Yes	120
R*R*	Masks of the Sacred Beasts 	Wondrous item	 Very rare	 M	 Yes	120
V*V*	Masks of the Sacred Beasts 	Wondrous item	 Rare	 M	 Yes	120
L*L*	Masks of the Sacred Beasts 	Wondrous item	 Legendary	 M	 Yes	120
VV	Matron's Mug 	Wondrous item	 Very rare	 m	 —	121
RR	Medusan Lavalier 	Wondrous item	 Rare	 m	 —	121
U*U*	Medusan Signet 	Ring	 Uncommon	 m	 Yes	121
RR	Medzo's Crossbow 	Weapon (crossbow, hand)	 Rare	 M	 —	122
L*L*	Meta Mantle 	Wondrous item	 Legendary	 M	 Yes, by a sorcerer	122
R*R*	Meta Medallion 	Wondrous item	 Rare	 M	 Yes, by a sorcerer	122
UU	Mimicloak 	Wondrous item	 Uncommon	 M	 —	123
V*V*	Mindmaster's Monocle 	Wondrous item	 Very rare	 M	 Yes, by a wizard	123
R*R*	Mistwalker Armor 	Armor (leather)	 Rare	 M	 Yes	123
R*R*	Monarch Mantle 	Wondrous item	 Rare	 M	 Yes	123
R*R*	Monster Tamer's Shield 	Armor (shield)	 Rare	 M	 Yes	124
R*R*	Monster Tamer's Sword 	Weapon (any sword)	 Rare	 M	 Yes	124
R*R*	Moonstone Bracers 	Wondrous item	 Rare	 M	 Yes	124
A*A*	Morath, Scepter of the Soul Vortex	Rod	 Artifact	 M	Yes, by a sorcerer, warlock, or wizard    198
R*R*	Mosshide Troll Belt 	Wondrous item	 Rare	 M	 Yes	124
V*V*	Mourningsteel Demi-Gauntlets	Wondrous item	 Very rare	 M	 Yes	127
U*U*	Mourningsteel Ghost Candle	Wondrous item	 Uncommon	 M	 Yes	127
L*L*	Mourningsteel Half Plate 	Armor (half plate)	 Legendary	 M	 Yes	127
R*R*	Mourningsteel War Banner 	Wondrous item	 Rare	 M	 Yes	127
UU	Murk Blowgun 	Weapon (blowgun)	 Uncommon	 M	 —	128
R*R*	Myceliaweave Armor	Armor (leather, studded leather, or hide)	Rare	 M	 Yes	128
U*U*	Night Owl's Half-Moon Spectacles	Wondrous item	 Uncommon	 m	 Yes	128
RR	Nightmare Flask 	Wondrous item	 Rare	 m	 —	128
R*R*	Nightstalker's Armor of the Northeastern Wind	Armor (plate)	 Rare	 M	 Yes	129
R*R*	Nightstalker's Mask 	Wondrous item	 Rare	 M	 Yes	129
A*A*	Nimbus, First Staff of the Thunderbirds	Staff	 Artifact	 M	 Yes	199
UU	No-Stones 	Wondrous item	 Uncommon	 m	 —	130
V*V*	Novanite Armor	Armor (medium or heavy, but not hide)	Very rare	 M	 Yes	130
CC	Oaken Candle 	Wondrous item	 Common	 m	 —	130
V*V*	Oathkeeper's Resolve 	Armor (shield)	 Very rare	 M	 Yes, by a paladin	130
L*L*	Octavius's Saber 	Weapon (rapier)	 Legendary	 M	 Yes, by a rogue	131
V*V*	Ogramau's Graveyard 	Wondrous item	 Very rare	 M	 Yes, by a cleric or wizard	131
UU	Ol' Stumpy 	Weapon (maul)	 Uncommon	 M	 —	131
CC	Orb of Remembrance 	Wondrous item	 Common	 m	 —	132
R*R*	Orelia's Tome of Beast Familiars	Wondrous item	 Rare	 M	 Yes, by a wizard	132
U*U*	Orner's Venomous Crossbow	Weapon (crossbow, hand)	 Uncommon	 M	 Yes	132
CC	Orostead Iced Tea 	Potion	 Common	 m	 —	133
VV	Orostead Iced Tea 	Potion	 Very rare	 m	 —	133
U*U*	Overseer's Spade 	Wondrous item	 Uncommon	 m	 Yes	134
U*U*	Owlbear Leather Armor 	Armor (leather)	 Uncommon	 M	 Yes	134
RR	Pack of Revisibility Bombs 	Wondrous item	 Rare	 m	 —	134
UU	Pegasus Quill 	Wondrous item	 Uncommon	 m	 —	134
RR	Pennypuncher Slingshot 	Weapon (sling)	 Rare	 M	 —	134
RR	Peregrine Spear 	Weapon (spear)	 Rare	 M	 —	134
CC	Performer's Puppet 	Wondrous item	 Common	 m	 —	135
CC	Periscope Rod 	Rod	 Common	 m	 —	135
UU	Phantom Walkers 	Wondrous item	 Uncommon	 m	 —	135
V*V*	Phasing Bow 	Weapon (any bow)	 Very rare	 M	 Yes	135
V*V*	Phoenix Breastplate 	Armor (breastplate)	 Very rare	 M	 Yes	136
V*V*	Phoenix Rocket Sword 	Weapon (greatsword)	 Very rare	 M	 Yes	136
RR	Pick and Pocket 	Weapon (dagger)	 Rare	 M	 —	136
UU	Pisces Shield 	Armor (shield)	 Uncommon	 M	 —	13717
R*R*	Poison Armor of Amphibios 	Armor (light)	 Rare	 M	 Yes	137
U*U*	Pollinator Carapace	Armor (leather, studded leather, or hide)	Uncommon	 M	 Yes, by a druid or ranger	138
U*U*	Pollinator Pants 	Wondrous item	 Uncommon	 M	 Yes, by a druid or ranger	138
U*U*	Pollinator Visor 	Wondrous item	 Uncommon	 M	 Yes, by a druid or ranger	138
CC	Poltergeist Candle Holder 	Wondrous item	 Common	 m	 —	139
RR	Power Collar 	Wondrous item	 Rare	 M	 —	139
CC	Prism Glasses 	Wondrous item	 Common	 m	 —	139
R*R*	Prototype Thunderberd 	Weapon (halberd)	 Rare	 M	 Yes	140
UU	Prying Mace 	Weapon (mace)	 Uncommon	 M	 —	140
RR	Quick Change Ring 	Ring	 Rare	 m	 —	140
L*L*	Quiver of Elemental Chaos 	Wondrous item	 Legendary	 M	 Yes	140
V*V*	Radiant War Pick 	Weapon (war pick)	 Very rare	 M	 Yes, by a cleric or paladin	142
L*L*	Realmswarden Greataxe 	Weapon (greataxe)	 Legendary	 M	 Yes	142
L*L*	Red Queen's Burden 	Weapon (glaive)	 Legendary	 M	 Yes	143
R*R*	Redeemer's Regards 	Weapon (longbow)	 Rare	 M	 Yes, by a paladin	143
CC	Redsmith Crucible Set 	Wondrous item	 Common	 m	 —	144
CC	Redsmith Hammer 	Weapon (light hammer)	 Common	 m	 —	144
UU	Rejuvenating Draft 	Potion	 Uncommon	 m	 —	144
RR	Rejuvenating Draft 	Potion	 Rare	 m	 —	144
VV	Rejuvenating Draft 	Potion	 Very rare	 m	 —	144
LL	Rejuvenating Draft 	Potion	 Legendary	 m	 —	144
U*U*	Reliquary of Holy Memories 	Rod	 Uncommon	 M	 Yes, by a cleric or paladin	144
R*R*	Reliquary of Holy Memories 	Rod	 Rare	 M	 Yes, by a cleric or paladin	144
V*V*	Reliquary of Holy Memories 	Rod	 Very rare	 M	 Yes, by a cleric or paladin	144
L*L*	Reliquary of Holy Memories 	Rod	 Legendary	 M	 Yes, by a cleric or paladin	144
U*U*	Riff's Dimensional Ripper 	Weapon (dagger)	 Uncommon	 M	 Yes	144
R*R*	Rift Sheath	Weapon (quarterstaff or shortsword)	Rare	 M	 Yes	144
R*R*	Ring of Changing Shapes 	Ring	 Rare	 M	 Yes, by a sorcerer	146
U*U*	Ring of Healer's Heroism 	Ring	 Uncommon	 M	 Yes, by a spellcaster	146
V*V*	Ring of Lunar Might 	Ring	 Very rare	 M	 Yes	146
RR	Ring of Misdirection 	Ring	 Rare	 m	 —	146
UU	Ring of Rituals 	Ring	 Uncommon	 m	 —	146
R*R*	Ring of Solar's Sight 	Ring	 Rare	 M	 Yes	147
UU	Ring of Stolen Alacrity 	Ring	 Uncommon	 m	 —	147
R*R*	Ring of the Arcane Berserker	Ring	 Rare	 M	 Yes, by a barbarian	147
L*L*	Ring of the Assassin Lord 	Ring	 Legendary	 M	 Yes, by a rogue	147
U*U*	Ring of the Mute Mage 	Ring	 Uncommon	 M	 Yes, by a spellcaster	148
V*V*	Ring of the Split Mind 	Ring	 Very rare	 M	 Yes, by a spellcaster	148
UU	Ring of Volleys 	Ring	 Uncommon	 M	 —	147
R*R*	Rings of the True Companions	Ring	 Rare	 M	 Yes	148
R*R*	Riptide Crossbow 	Weapon (crossbow, heavy)	 Rare	 M	 Yes	148
UU	Roaring Whip 	Weapon (whip)	 Uncommon	 M	 —	149
CC	Rod of Endless Light 	Rod	 Common	 m	 —	149
RR	Rod of Refstophobia 	Rod	 Rare	 m	 —	149
R*R*	Rod of Reverberation 	Rod	 Rare	 M	 Yes	149
R*R*	Rod of Storms 	Rod	 Rare	 M	 Yes, by a spellcaster	150
RR	Rod of the Magicycle 	Rod	 Rare	 M	 —	151
UU	Rod of Thought Projection 	Rod	 Uncommon	 m	 —	150
RR	Rod of Water Absorption 	Rod	 Rare	 M	 —	150
CC	Rope Caster 	Weapon (crossbow, hand)	 Common	 m	 —	152
CC	Rose Quartz Koi 	Wondrous item	 Common	 m	 —	152
V*V*	Royal Blade of Amphibios 	Weapon (rapier)	 Very rare	 M	 Yes	152
L*L*	Royal Incinerator 	Staff	 Legendary	 M	Yes, by a druid, sorcerer, warlock, or wizard    152
UU	Rust Arrow 	Weapon (arrow)	 Uncommon	 m	 —	153
U*U*	Sagittarian Vestments	Armor (light, medium, or heavy)	Uncommon	 M	 Yes, by a cleric or paladin	153
R*R*	Salamander Flame Gauntlets	Wondrous item	 Rare	 M	 Yes	153
R*R*	Sash of Sorcerous Synergy 	Wondrous item	 Rare	 M	 Yes, by a sorcerer	154
UU	Satchel of Beast Chow 	Wondrous item	 Uncommon	 m	 —	154
R*R*	Scarlet Scourge 	Weapon (whip)	 Rare	 M	 Yes	154
V*V*	Scepter of Faith 	Rod	 Very rare	 M	 Yes, by a cleric	155
R*R*	Scorned Heart Breastplate 	Armor (breastplate)	 Rare	 M	 Yes	155
U*U*	Scorpio Armor 	Armor (half plate or plate)	 Uncommon	 M	 Yes	155
U*U*	Scorpion Lasher 	Weapon (whip)	 Uncommon	 M	 Yes	155
UU	Scroll of Mapping 	Scroll	 Uncommon	 m	 —	156
VV	Scroll of Mapping 	Scroll	 Very rare	 m	 —	156
RR	Scroll of Nightmares 	Scroll	 Rare	 m	 —	156
RR	Scroll of the Jester 	Scroll	 Rare	 m	 —	156
UU	Second Fiddle 	Wondrous item	 Uncommon	 M	 —	157
UU	Seeker's Compass 	Wondrous item	 Uncommon	 m	 —	157
U*U*	Seer's Starlight Cloak 	Wondrous item	 Uncommon	 m	Yes, by a cleric, druid, or wizard    157
R*R*	Seraphim's Stiletto 	Weapon (dagger)	 Rare	 M	Yes, by a creature of good alignment    158
RR	Shadow Tag 	Wondrous item	 Rare	 m	 —	158
U*U*	Shadow Weaver's Guise 	Wondrous item	 Uncommon	 M	 Yes, by a spellcaster	158
L*L*	Shadowscale Shroud 	Armor (scale mail)	 Legendary	 M	 Yes	158
RR	Shield of the Justicars 	Armor (shield)	 Rare	 M	 —	158
CC	Shifter's Shine 	Potion	 Common	 m	 —	160
UU	Shifter's Shine 	Potion	 Uncommon	 m	 —	160
CC	Shimmering Spectacles 	Wondrous item	 Common	 m	 —	160
CC	Shipwright's Watch 	Wondrous item	 Common	 m	 —	160
V*V*	Shooting Star 	Weapon (longbow)	 Very rare	 M	 Yes	160
R*R*	Siege Staff 	Staff	 Rare	 M	Yes, by a bard, cleric,druid, sorcerer, warlock, or wizard    161
C*C*	Silver Coin of Duvra 	Wondrous item	 Common	 m	 Yes	161
U*U*	Silver Eagle Studded Cuirass	Armor (studded leather)	 Uncommon	 M	 Yes	161
CC	Silver Star Cane 	Weapon (rapier)	 Common	 m	 —	161
A*A*	Silverwind, the Cleansing Breeze	Weapon (longsword)	 Artifact	 M	 Yes	200
UU	Sir Varion's Helm 	Wondrous item	 Uncommon	 m	 —	162
U*U*	Sir Varion's Lance 	Weapon (lance)	 Uncommon	 M	 Yes	162
U*U*	Sir Varion's Mantle 	Wondrous item	 Uncommon	 m	 Yes	162
U*U*	Sir Varion's Shield 	Armor (shield)	 Uncommon	 M	 Yes	162
RR	Sky Anchor 	Weapon (spear)	 Rare	 M	 —	162
R*R*	Skyglider Shield 	Armor (shield)	 Rare	 M	 Yes	163
L*L*	Skylit Greaves 	Wondrous item	 Legendary	 M	 Yes	163
L*L*	Slaying Longbow 	Weapon (longbow)	 Legendary	 M	Yes, by a good-aligned creature    164
CC	Sleepytime Sheep Stuffy 	Wondrous item	 Common	 m	 —	164
U*U*	Snake Charmer's Flute 	Wondrous item	 Uncommon	 m	 Yes	164
CC	Snow Rider's Sleigh 	Wondrous item	 Common	 m	 —	164
R*R*	Soul Pendant 	Wondrous item	 Rare	 M	 Yes	165
L*L*	Soul-Searing Scythe 	Weapon (halberd)	 Legendary	 M	 Yes	165
RR	Sovereignseed Satchel 	Wondrous item	 Rare	 M	 —	166
L*L*	Spellfire Bow 	Weapon (longbow)	 Legendary	 M	 Yes, by a spellcaster	166
RR	Spellsword 	Weapon (shortsword)	 Rare	 M	 —	167
R*R*	Spellwriter's Brace 	Wondrous item	 Rare	 M	 Yes, by a wizard	167
L*L*	Spirit Cleaver 	Weapon (dagger)	 Legendary	 M	 Yes, by a rogue	167
R*R*	Spirit Sheath 	Weapon (scimitar)	 Rare	 M	Yes, by a creature with a Wisdom of 13 or higher    168
R*R*	Spiritwalker Breastplate 	Armor (breastplate)	 Rare	 M	 Yes	168
R*R*	Splinterguard 	Armor (splint)	 Rare	 M	 Yes, by a druid or ranger	168
RR	Sream's Stoppered Oasis 	Potion	 Rare	 m	 —	168
UU	Staff of Cubic Cultivation 	Staff	 Uncommon	 m	 —	169
U*U*	Staff of the Dream Shepherd	Staff	 Uncommon	 M	 Yes, by a spellcaster	169
U*U*	Staff of the Vineyard 	Staff	 Uncommon	 M	Yes, by a cleric, druid, monk, or ranger    169
RR	Stalagmight Geode 	Weapon (greatclub)	 Rare	 M	 —	170
CC	Stalwart Staff 	Staff	 Common	 m	 —	170
L*L*	Starmetal Nova Armor	Armor (chain shirt and half plate)	Legendary	 M	 Yes	170
R*R*	Starmetal Shard Spear 	Weapon (spear)	 Rare	 M	 Yes	171
V*V*	Starmetal Sliver 	Weapon (dagger)	 Very rare	 M	 Yes	171
CC	Status Signets 	Ring	 Common	 m	 —	171
RR	Steam Harpoon 	Weapon (spear)	 Rare	 M	 —	172
UU	Stonemason's Companion 	Wondrous item	 Uncommon	 M	 —	172
CC	Storm Seer Lamp 	Wondrous item	 Common	 m	 —	172
R*R*	Storm's Eye Shield 	Armor (shield)	 Rare	 M	 Yes	172
R*R*	Stormbrewer Bracers 	Wondrous item	 Rare	 M	 Yes	172
CC	Storyteller's Stein 	Wondrous item	 Common	 m	 —	173
UU	Stuffy Familiar 	Wondrous item	 Uncommon	 m	 —	173
CC	Stylist's Circlet 	Wondrous item	 Common	 m	 —	173
L*L*	Tarrasque Plate 	Armor (plate)	 Legendary	 M	 Yes	174
CC	Tea Weird 	Wondrous item	 Common	 m	 —	174
R*R*	Tempest Griffon Bracers 	Wondrous item	 Rare	 M	 Yes	174
RR	Thalamus Thread 	Wondrous item	 Rare	 M	 —	201
AA	The Griffon’s Saddlebag 	Wondrous item	 Artifact	 M	 —	174
UU	Thomas's Dimensional Trousers	Wondrous item	 Uncommon	 m	 —	175
CC	Tide Turner 	Wondrous item	 Common	 m	 —	175
U*U*	Titan Cricket Greaves 	Wondrous item	 Uncommon	 m	 Yes	175
VV	Titan's Tooth Claymore 	Weapon (greatsword)	 Very rare	 M	 —	175
VV	Tome of Advanced Fighting Styles	Wondrous item	 Very rare	 M	 —	176
L*L*	Tome of Lost Knowledge 	Wondrous item	 Legendary	 M	 Yes, by a wizard	176
RR	Torrdok's Magnificent Forgery	Wondrous item	 Rare	 m	 —	177
R*R*	Traitor's Gauntlet 	Wondrous item	 Rare	 M	 Yes	177
UU	Trampling Crossbow 	Weapon (crossbow, heavy)	 Uncommon	 M	 —	177
RR	Tremor Spike 	Rod	 Rare	 M	 —	178
CC	Turtle Brooch 	Wondrous item	 Common	 m	 —	178
R*R*	Tyrannosaurus Rax 	Weapon (greataxe)	 Rare	 M	 Yes	178
L*L*	Underworld Asphodel Regalia	Wondrous item	 Legendary	 M	 Yes, by a cleric or wizard	178
R*R*	Urnblade 	Weapon (scimitar)	 Rare	 M	 Yes	179
U*U*	Vain Virtuoso's Violin 	Wondrous item	 Uncommon	 M	 Yes, by a bard	179
RR	Verax Weapon	Weapon (any metal melee weapon)	Rare	 M	 —	180
L*L*	Violet King's Promise 	Weapon (rapier)	 Legendary	 M	Yes, by a bard, cleric, paladin, or ranger    180
RR	Viper Khopesh 	Weapon (scimitar)	 Rare	 M	 —	181
RR	Voyage Collar 	Wondrous item	 Rare	 M	 —	181
V*V*	Vyra's Broken Path 	Wondrous item	 Very rare	 M	 Yes, by an elf or half-elf	181
U*U*	Wand of Dowsing 	Wand	 Uncommon	 M	 Yes	182
R*R*	Wand of Gilding 	Wand	 Rare	 M	Yes, by a bard, sorcerer, or wizard    182
V*V*	Wand of Merriment 	Wand	 Very rare	 M	 Yes	182
V*V*	Wand of Necrosis 	Wand	 Very rare	 M	Yes, by a sorcerer, warlock, or wizard    182
V*V*	Wand of Puppetry 	Wand	 Very rare	 M	 Yes, by a spellcaster	183
R*R*	Wand of Stars 	Wand	 Rare	 M	 Yes, by a spellcaster	183
L*L*	Wand of the Alicorn 	Wand	 Legendary	 M	Yes, by a good-alignedspellcaster    184
R*R*	Wand of the Frostrose 	Wand	 Rare	 M	 Yes, by a spellcaster	184
V*V*	War's Wager 	Weapon (greataxe)	 Very rare	 M	 Yes	185
RR	Wardancer's Spear 	Weapon (spear)	 Rare	 M	 —	185
V*V*	Warding Staff 	Staff	 Very rare	 M	 Yes, by a cleric or paladin	185
R*R*	Warhammer of Eruptions 	Weapon (warhammer)	 Rare	 M	 Yes	186
RR	Warp Anchor 	Rod	 Rare	 M	 —	186
UU	Waterskin of Voices 	Wondrous item	 Uncommon	 m	 —	186
RR	Wavecutter 	Weapon (any axe)	 Rare	 M	 —	186
RR	Wayfinder Sphere 	Wondrous item	 Rare	 m	 —	186
U*U*	Weapon of Verdict	Weapon (any melee weapon)	Uncommon	 M	Yes, by a creature of good alignment    187
UU	Weaving Wasp Needles 	Weapon (dart)	 Uncommon	 M	 —	187
R*R*	Webgrip Bow 	Weapon (any bow)	 Rare	 M	 Yes	188
RR	Whirling Weapons	Weapon (any melee weapon without the special or two-handed property)	Rare	 M	 —	188
UU	Whirlpool Dart 	Weapon (dart)	 Uncommon	 M	 —	188
CC	Whispergust Mote 	Wondrous item	 Common	 m	 —	188
CC	Widemouth Bucket 	Wondrous item	 Common	 m	 —	189
RR	Widow's Tea 	Wondrous item	 Rare	 M	 —	189
RR	Wildfire Ammunition 	Weapon (arrow or bolt)	 Rare	 m	 —	189
U*U*	Wildskin Armor 	Armor (hide)	 Uncommon	 M	 Yes, by a druid	190
CC	Williwig's Time Stopper 	Wondrous item	 Common	 m	 —	190
V*V*	Wind and Whirl 	Weapon (scimitar)	 Very rare	 M	 Yes	190
RR	Wind Riders 	Wondrous item	 Rare	 M	 —	190
RR	Wind-Up Merchant 	Wondrous item	 Rare	 M	 —	191
U*U*	Wisp Cloak 	Wondrous item	 Uncommon	 M	 Yes	191
CC	Wispy Sour 	Potion	 Common	 m	 —	192
UU	Wispy Sour 	Potion	 Uncommon	 m	 —	192
V*V*	Wraps of the Restless 	Wondrous item	 Very rare	 M	 Yes	192
R*R*	Wyrmling Wristlet 	Wondrous item	 Rare	 m	 Yes	192
R*R*	Wyrmshide Bow 	Weapon (shortbow)	 Rare	 M	 Yes	193
V*V*	Xibalban Blade 	Weapon (longsword)	 Very rare	 M	 Yes	193
R*R*	Xorn-Sole Boots 	Wondrous item	 Rare	 M	 Yes	194
V*V*	Yellow Harbinger's Path 	Armor (light or medium)	 Very rare	 M	Yes, by a creature with a Dexterity of 17 or higher    194
